U?GY@COOGCC?@??Ap??a@?G??DK?OA?CE??G?D?G,ILP,12,0,14,000123132213301231321121332203112,100100100010001001001101000000110,010010001100010011010000001100001,001001100100000100100010110011000
U?GY@COOGCC?@??Ap??a@?G??DK?OA?CE??G?D?G,ILP,12,0,14,000123132312201231321121332203112,100100100010001001001101000000110,010010001100010011010000001100001,001001100100000100100010110011000
U?GY@COOGCC?@??Ap??a@?G??DK?OA?CE??G?D?G,ILP,14,0,14,000123312312201233321121332203112,100100100010001001001101000000110,010010001100010011010000001100001,001001100100000100100010110011000
U?GY@COOGCC?@??Ap??a@?G??DK?OA?CE??G?D?G,ILP,12,0,14,000123213213301322321131232203113,010100010010100000001101001010100,001010010001011010010000100100010,100001001001100100100010010001001
U?GY@COOGCC?@??Ap??a@?G??DK?OA?CE??G?D?G,ILP,12,0,14,000123123213301321321131232203113,001100010001011000011101000000010,010010010010100010000000101110100,100001001001100100100010010001001
U?GY@COOGCC?@??Ap??a@?G??DK?OA?CE??G?D?G,ILP,12,0,14,000123123312201321321131232203113,100100100010001001001101000000110,010010001100010011010000001100001,001001100100000100100010110011000
U?GY@COOGCC?@??Ap??a@?G??DK?OA?CE??G?D?G,ILP,14,0,14,000123231312102231321212331103122,001100001100010001011010001100000,100010100001001100010101000000011,010001010010100010001001010010100
U?GY@COOGCC?@??Ap??a@?G??DK?OA?CE??G?D?G,ILP,14,0,14,000123321213103321321312321103122,100100001010100001001010001100100,010010100100000100010101001010001,001100010001011000100100100001010
U?GY@COOGCC?@??Ap??a@?G??DK?OA?CE??G?D?G,ILP,14,0,14,000123312123203322133313121102122,010001010001011010100000100100100,100010001010100011000000010001011,001001100100000100011011010010000
U?GY@COOGCC?@??Ap??a@?G??DK?OA?CE??G?D?G,ILP,12,0,14,000123312321102233133213131102122,100100010001100000100010101100100,001010100010001100000100100011010,010001001100010011100000010001001
U?GY@COOGCC?@??Ap??a@?G??DK?OA?CE??G?D?G,ILP,12,0,14,000123132123302231133213131102122,100100100100000001100010101100100,010010001010100100000100001011001,001100010001011000011101000000010
U?GY@COOGCC?@??Ap??a@?G??DK?OA?CE??G?D?G,ILP,14,0,14,000123312123203322311131321302322,010100001100010001100100001001001,001010010010100010000000110011010,100001100001001100100010100100100
U?GY@COOGCC?@??Ap??a@?G??DK?OA?CE??G?D?G,ILP,14,0,14,000123213321102322311131231203223,001100010001011000011101000000010,010010010010100010000000101110100,100001001001100100100010010001001
U?GY@COOGCC?@??Ap??a@?G??DK?OA?CE??G?D?G,ILP,12,0,14,000123213123302322311131231203223,001100010001011000011101000000010,010010010010100010000000101110100,100001001001100100100010010001001
U?GY@COOGCC?@??Ap??a@?G??DK?OA?CE??G?D?G,ILP,12,0,14,000123123123302321311131231203223,010100010010100000001101001010100,001010010001011010010000100100010,100001001001100100100010010001001
U?GY@COOGCC?@??Ap??a@?G??DK?OA?CE??G?D?G,ILP,14,0,14,000123213132302233123212131103122,001100001100010001011010001100000,100010100001001100010101000000011,010001010010100010001001010010100
U?GY@COOGCC?@??Ap??a@?G??DK?OA?CE??G?D?G,ILP,14,0,14,000123321213103321321132321301322,010100001100010001100100001001001,001010010010100010000000110011010,100001100001001100100010100100100
U?GY@COOGCC?@??Ap??a@?G??DK?OA?CE??G?D?G,ILP,12,0,14,000123123132203321123132121301322,001001100100000100100010110011000,100010010001100010010001010000011,010001001010011011001000000100100
U?GY@COOGCC?@??Ap??a@?G??DK?OA?CE??G?D?G,ILP,12,0,14,000123213231103322123132121301322,010100010010100000001101001010100,100010100100000011010001010000011,001001001001011100011010000100000
U?GY@COOGCC?@??Ap??a@?G??DK?OA?CE??G?D?G,ILP,12,0,14,000123123132203321123312121103122,001100001100010001011010001100000,100010010001100010010001010000011,010001100010001100001101000010100
U?GY@COOGCC?@??Ap??a@?G??DK?OA?CE??G?D?G,ILP,12,0,14,000123213231103322123312121103122,010001010001011010100000100100100,100010100100000011010001010000011,001001001010100100001010010011000
U?GY@COOGCC?@??Ap??a@?G??DK?OA?CE??G?D?G,ILP,12,0,18,000123213321132233311101231223203,100100010001100000100010101100100,001010100010001100000100100011010,010001001100010011100000010001001
U?GY@COOGCC?@??Ap??a@?G??DK?OA?CE??G?D?G,ILP,14,0,18,000123123123233321311301212223203,001100010001011000011101000000010,010010010010100010000000101110100,100001001001100100100010010001001
U?GY@COOGCC?@??Ap??a@?G??DK?OA?CE??G?D?G,ILP,12,0,18,000123132123233231311101321322302,100010100100000011010001010000011,001001001010100100001010010011000,010001010001011010100000100100100
U?GY@COOGCC?@??Ap??a@?G??DK?OA?CE??G?D?G,ILP,12,0,18,000123132123233231311201312322302,100010100100000011010001010000011,001001001010100100001010010011000,010001010001011010100000100100100
U?GY@COOGCC?@??Ap??a@?G??DK?OA?CE??G?D?G,ILP,14,0,18,000123312231123322123303112231302,100010010001100010010001010000011,001100001100010001011010001100000,010001100010001100001101000010100
U?GY@COOGCC?@??Ap??a@?G??DK?OA?CE??G?D?G,ILP,14,0,18,000123312213123322321301312213102,100100100010001001001101000000110,010010001100010011010000001100001,001001100100000100100010110011000
U?GY@COOGCC?@??Ap??a@?G??DK?OA?CE??G?D?G,ILP,12,0,18,000123312312122233321101331213102,010100010010100000001101001010100,001001001001011100011010000100000,100010100100000011010001010000011
U?GY@COOGCC?@??Ap??a@?G??DK?OA?CE??G?D?G,ILP,12,0,18,000123132132322231123103131231302,001100010001011000100100100001010,100010001001100100010010001100001,010001010010100010001001010010100
U?GY@COOGCC?@??Ap??a@?G??DK?OA?CE??G?D?G,ILP,14,0,18,000123312321211233133203132122102,010001010001011010100000100100100,100010001010100011000000010001011,001001100100000100011011010010000
U?GY@COOGCC?@??Ap??a@?G??DK?OA?CE??G?D?G,ILP,14,0,18,000123321132213321123303212231301,001100001100010001011010001100000,100010010001100010010001010000011,010001100010001100001101000010100
U?GY@COOGCC?@??Ap??a@?G??DK?OA?CE??G?D?G,ILP,12,0,18,000123213312132233321101231213103,010100010010100000001101001010100,001010010001011010010000100100010,100001001001100100100010010001001
U?GY@COOGCC?@??Ap??a@?G??DK?OA?CE??G?D?G,ILP,12,0,18,000123231123312231133103231221201,010100001100010001100100001001001,100010100010001011000000100100110,001001100100000100011011010010000
U?GY@COOGCC?@??Ap??a@?G??DK?OA?CE??G?D?G,ILP,14,0,18,000123321123213321133303212221201,100001001001100100100010010001001,010010010010100010000000101110100,001100010001011000011101000000010
U?GY@COOGCC?@??Ap??a@?G??DK?OA?CE??G?D?G,ILP,12,0,18,000123213231311233123202132123102,001100010001011000100100100001010,010010100100000100010101001010001,100100001010100001001010001100100
U?GY@COOGCC?@??Ap??a@?G??DK?OA?CE??G?D?G,ILP,14,0,18,000123213231133233123102121321302,100100010001100000100010101100100,010010100100000100010101001010001,001100001010011001001100000001010
U?GY@COOGCC?@??Ap??a@?G??DK?OA?CE??G?D?G,ILP,12,0,18,000123213231133233123202112321302,100100010001100000100010101100100,010010100100000100010101001010001,001100001010011001001100000001010
U?GY@COOGCC?@??Ap??a@?G??DK?OA?CE??G?D?G,ILP,12,0,18,000123231132312231123103231231301,010100001100010001100100001001001,100001100001001100100010100100100,001010010010100010000000110011010
U?GY@COOGCC?@??Ap??a@?G??DK?OA?CE??G?D?G,ILP,14,0,18,000123213213133322321301212213103,001010010010100010000000110011010,100100100100000001100010101100100,010001001001011100100100000001001
U?GY@COOGCC?@??Ap??a@?G??DK?OA?CE??G?D?G,ILP,12,0,18,000123231213311231321202332123102,001100001010011001001100000001010,010010100100000100010101001010001,100100010001100000100010101100100
U?GY@COOGCC?@??Ap??a@?G??DK?OA?CE??G?D?G,ILP,12,0,18,000123231213133231321102321321302,100010001010100011000000010001011,001001100100000100011011010010000,010001010001011010100000100100100
U?GY@COOGCC?@??Ap??a@?G??DK?OA?CE??G?D?G,ILP,12,0,18,000123231213133231321202312321302,100100001010100001001010001100100,010010100100000100010101001010001,001100010001011000100100100001010
U?GY@COOGCC?@??Ap??a@?G??DK?OA?CE??G?D?G,ILP,12,0,20,000123123123233321133131221322020,100100100100000001100010101100100,001010010010100010000000110011010,010001001001011100100100000001001
U?GY@COOGCC?@??Ap??a@?G??DK?OA?CE??G?D?G,ILP,14,0,20,000123123123233321133132121321020,100100100100000001100010101100100,001010010010100010000000110011010,010001001001011100100100000001001
U?GY@COOGCC?@??Ap??a@?G??DK?OA?CE??G?D?G,ILP,14,0,20,000123321312122321321133231231020,010100010010100000001101001010100,001010010001011010010000100100010,100001001001100100100010010001001
U?GY@COOGCC?@??Ap??a@?G??DK?OA?CE??G?D?G,ILP,14,0,20,000123321312211321321133232231010,001100001010011001001100000001010,100100010001100000100010101100100,010010100100000100010101001010001
U?GY@COOGCC?@??Ap??a@?G??DK?OA?CE??G?D?G,ILP,14,0,20,000123123132322321123131231233020,010100010010100000001101001010100,001010010001011010010000100100010,100001001001100100100010010001001
U?GY@COOGCC?@??Ap??a@?G??DK?OA?CE??G?D?G,ILP,14,0,20,000123213231311322123131232233010,010001010001011010100000100100100,100010100100000011010001010000011,001001001010100100001010010011000
U?GY@COOGCC?@??Ap??a@?G??DK?OA?CE??G?D?G,ILP,12,0,20,000123312321211322311131332233010,100100100010001001001101000000110,010010001100010011010000001100001,001001100100000100100010110011000
U?GY@COOGCC?@??Ap??a@?G??DK?OA?CE??G?D?G,ILP,12,0,20,000123312321211322133133132231010,010001010001011010100000100100100,100010001010100011000000010001011,001001100100000100011011010010000
U?GY@COOGCC?@??Ap??a@?G??DK?OA?CE??G?D?G,ILP,12,0,20,000123312321211233133123132221010,001100010001011000100100100001010,100010001001100100010010001100001,010001010010100010001001010010100
U?GY@COOGCC?@??Ap??a@?G??DK?OA?CE??G?D?G,ILP,12,0,20,000123312321211233311121332223010,001100010001011000011101000000010,010010001010100100000100001011001,100100100100000001100010101100100
U?GY@COOGCC?@??Ap??a@?G??DK?OA?CE??G?D?G,ILP,14,0,20,000123231213311231321123232221010,001100001010011001001100000001010,010010100100000100010101001010001,100100010001100000100010101100100
U?GY@COOGCC?@??Ap??a@?G??DK?OA?CE??G?D?G,ILP,14,0,20,000123213231311233123121232223010,100100100010001001001101000000110,001010100100000100010010101110000,010001001100010011100000010001001
U?GY@COOGCC?@??Ap??a@?G??DK?OA?CE??G?D?G,ILP,12,0,20,000123123123233321311131221322020,100100100100000001100010101100100,001010010010100010000000110011010,010001001001011100100100000001001
U?GY@COOGCC?@??Ap??a@?G??DK?OA?CE??G?D?G,ILP,12,0,20,000123312321122322311131331233020,100010010001100010010001010000011,010001001010011011001000000100100,001001100100000100100010110011000
U?GY@COOGCC?@??Ap??a@?G??DK?OA?CE??G?D?G,ILP,12,0,20,000123312321122322133133131231020,010100001100010001100100001001001,100010100010001011000000100100110,001001100100000100011011010010000
U?GY@COOGCC?@??Ap??a@?G??DK?OA?CE??G?D?G,ILP,12,0,20,000123231123312231311213231122020,001100001100010001011010001100000,010001100010001100001101000010100,100010010001100010010001010000011
U?GY@COOGCC?@??Ap??a@?G??DK?OA?CE??G?D?G,ILP,14,0,20,000123231123312231133213231122020,001100001100010001011010001100000,010001100010001100001101000010100,100010010001100010010001010000011
U?GY@COOGCC?@??Ap??a@?G??DK?OA?CE??G?D?G,ILP,12,0,20,000123231123312231311212331123020,001100001100010001011010001100000,010001100010001100001101000010100,100010010001100010010001010000011
U?GY@COOGCC?@??Ap??a@?G??DK?OA?CE??G?D?G,ILP,12,0,20,000123321123213321311312321123020,001100001100010001011010001100000,100010010001100010010001010000011,010001100010001100001101000010100
U?GY@COOGCC?@??Ap??a@?G??DK?OA?CE??G?D?G,ILP,12,0,20,000123321123213321311313221122020,001100001100010001011010001100000,010001010010100010001001010010100,100010100001001100010101000000011
U?GY@COOGCC?@??Ap??a@?G??DK?OA?CE??G?D?G,ILP,12,0,20,000123321123213321133313221122020,100100100100000001100010101100100,001010010010100010000000110011010,010001001001011100100100000001001
U?GY@COOGCC?@??Ap??a@?G??DK?OA?CE??G?D?G,ILP,13,1,6,123000312321122002133213131132132,100100010001100000100010101100100,001100001010011001001100000001010,010010100100000100010101001010001
U?GY@COOGCC?@??Ap??a@?G??DK?OA?CE??G?D?G,ILP,17,1,6,123000321312122001321212331133132,010001001010011011001000000100100,100010010001100010010001010000011,001001100100000100100010110011000
U?GY@COOGCC?@??Ap??a@?G??DK?OA?CE??G?D?G,ILP,10,1,6,123000123132322001123212131133132,100100100100000001100010101100100,010001001001011100100100000001001,001010010010100010000000110011010
U?GY@COOGCC?@??Ap??a@?G??DK?OA?CE??G?D?G,ILP,10,1,6,123000231213133001233313212221231,100001001001100100100010010001001,010010010010100010000000101110100,001100010001011000011101000000010
U?GY@COOGCC?@??Ap??a@?G??DK?OA?CE??G?D?G,ILP,3,1,6,123000231213133001321312321123132,100100001010100001001010001100100,010010100100000100010101001010001,001100010001011000100100100001010
U?GY@COOGCC?@??Ap??a@?G??DK?OA?CE??G?D?G,ILP,3,1,6,123000132123233001133313121122132,100100100100000001100010101100100,010010001010100100000100001011001,001100010001011000011101000000010
U?GY@COOGCC?@??Ap??a@?G??DK?OA?CE??G?D?G,ILP,3,1,6,123000213231133003123312121123132,100100010001100000100010101100100,010010100100000100010101001010001,001100001010011001001100000001010
U?GY@COOGCC?@??Ap??a@?G??DK?OA?CE??G?D?G,ILP,17,1,6,123000213231133003213311212223231,100100010001100000100010101100100,010010100100000100010101001010001,001100001010011001001100000001010
U?GY@COOGCC?@??Ap??a@?G??DK?OA?CE??G?D?G,ILP,13,1,6,123000132123233001312311312223231,010010100100000100010101001010001,100100001010100001001010001100100,001100010001011000100100100001010
U?GY@COOGCC?@??Ap??a@?G??DK?OA?CE??G?D?G,ILP,14,1,9,123000231213133211030232312321211,100010001010100011000000010001011,001001100100000100011011010010000,010001010001011010100000100100100
U?GY@COOGCC?@??Ap??a@?G??DK?OA?CE??G?D?G,ILP,10,1,9,123000123321231123010131232223211,100010100001001100010101000000011,010001010010100010001001010010100,001100001100010001011010001100000
U?GY@COOGCC?@??Ap??a@?G??DK?OA?CE??G?D?G,ILP,14,1,9,123000123123233321010311212223231,100010100100000011010001010000011,010100010010100000001101001010100,001001001001011100011010000100000
U?GY@COOGCC?@??Ap??a@?G??DK?OA?CE??G?D?G,ILP,10,1,9,123000321312122311030232313331211,100010001010100011000000010001011,010001010001011010100000100100100,001001100100000100011011010010000
U?GY@COOGCC?@??Ap??a@?G??DK?OA?CE??G?D?G,ILP,14,1,9,123000312321122312030231313332112,100010010001100010010001010000011,010001001010011011001000000100100,001001100100000100100010110011000
U?GY@COOGCC?@??Ap??a@?G??DK?OA?CE??G?D?G,ILP,14,1,9,123000312231123322010311312233231,100100010001100000100010101100100,010001001100010011100000010001001,001010100010001100000100100011010
U?GY@COOGCC?@??Ap??a@?G??DK?OA?CE??G?D?G,ILP,10,1,9,123000312231123322020311312233132,100100010001100000100010101100100,010001001100010011100000010001001,001010100010001100000100100011010
U?GY@COOGCC?@??Ap??a@?G??DK?OA?CE??G?D?G,ILP,14,1,9,123000132123233211030231312322112,100100100100000001100010101100100,010010001010100100000100001011001,001100010001011000011101000000010
U?GY@COOGCC?@??Ap??a@?G??DK?OA?CE??G?D?G,ILP,10,1,9,123000132123233231030211312322132,100100100100000001100010101100100,010010001010100100000100001011001,001100010001011000011101000000010
U?GY@COOGCC?@??Ap??a@?G??DK?OA?CE??G?D?G,ILP,10,1,9,123000231213133231030212312321231,100001001001100100100010010001001,010100010010100000001101001010100,001010010001011010010000100100010
U?GY@COOGCC?@??Ap??a@?G??DK?OA?CE??G?D?G,ILP,10,1,9,123000132231321122020131332233112,100100100010001001001101000000110,010010001100010011010000001100001,001001100100000100100010110011000
U?GY@COOGCC?@??Ap??a@?G??DK?OA?CE??G?D?G,ILP,14,1,9,123000132231321122010131332233211,100010100001001100010101000000011,001100001100010001011010001100000,010001010010100010001001010010100
U?GY@COOGCC?@??Ap??a@?G??DK?OA?CE??G?D?G,ILP,13,1,19,123000123132322311123232130133102,100100100100000001100010101100100,001100010001011000011101000000010,010010001010100100000100001011001
U?GY@COOGCC?@??Ap??a@?G??DK?OA?CE??G?D?G,ILP,5,1,19,123000123132322321213311210233201,100010100100000011010001010000011,010001010001011010100000100100100,001001001010100100001010010011000
U?GY@COOGCC?@??Ap??a@?G??DK?OA?CE??G?D?G,ILP,3,1,19,123000123132322321213131230233201,100010100100000011010001010000011,010001010001011010100000100100100,001001001010100100001010010011000
U?GY@COOGCC?@??Ap??a@?G??DK?OA?CE??G?D?G,ILP,13,1,19,123000321312122311321232330133102,010001001010011011001000000100100,100010010001100010010001010000011,001001100100000100100010110011000
U?GY@COOGCC?@??Ap??a@?G??DK?OA?CE??G?D?G,ILP,12,1,19,123000312321122312133233130132102,100010100010001011000000100100110,010100001100010001100100001001001,001001100100000100011011010010000
U?GY@COOGCC?@??Ap??a@?G??DK?OA?CE??G?D?G,ILP,5,1,19,123000312321122322312311310233201,100010010001100010010001010000011,010001001010011011001000000100100,001001100100000100100010110011000
U?GY@COOGCC?@??Ap??a@?G??DK?OA?CE??G?D?G,ILP,3,1,19,123000312321122322312131330233201,100010010001100010010001010000011,010001001010011011001000000100100,001001100100000100100010110011000
U?GY@COOGCC?@??Ap??a@?G??DK?OA?CE??G?D?G,ILP,5,1,19,123000321312122321233313210231201,100010001010100011000000010001011,010001010001011010100000100100100,001001100100000100011011010010000
U?GY@COOGCC?@??Ap??a@?G??DK?OA?CE??G?D?G,ILP,3,1,19,123000321312122321233133230231201,100010001010100011000000010001011,010001010001011010100000100100100,001001100100000100011011010010000
U?GY@COOGCC?@??Ap??a@?G??DK?OA?CE??G?D?G,ILP,5,2,4,123123000213001321321131332223112,100100100010001001001101000000110,010010001100010011010000001100001,001001100100000100100010110011000
U?GY@COOGCC?@??Ap??a@?G??DK?OA?CE??G?D?G,ILP,13,2,4,123132000321001322132132323331211,001100010001011000100100100001010,010001010010100010001001010010100,100010001001100100010010001100001
U?GY@COOGCC?@??Ap??a@?G??DK?OA?CE??G?D?G,ILP,13,2,4,123123000321001322133133232231211,010100001100010001100100001001001,100010100010001011000000100100110,001001100100000100011011010010000
U?GY@COOGCC?@??Ap??a@?G??DK?OA?CE??G?D?G,ILP,12,2,4,123213000321001312312232332133211,100010010001100010010001010000011,010001001010011011001000000100100,001001100100000100100010110011000
U?GY@COOGCC?@??Ap??a@?G??DK?OA?CE??G?D?G,ILP,5,2,4,123213000213001311233233132122112,100010100010001011000000100100110,010100001100010001100100001001001,001001100100000100011011010010000
U?GY@COOGCC?@??Ap??a@?G??DK?OA?CE??G?D?G,ILP,3,2,4,123213000312001311233233132132112,100010100010001011000000100100110,010100001100010001100100001001001,001001100100000100011011010010000
U?GY@COOGCC?@??Ap??a@?G??DK?OA?CE??G?D?G,ILP,5,2,4,123132000213001321231131323322112,100100100010001001001101000000110,010001001100010011100000010001001,001010100100000100010010101110000
U?GY@COOGCC?@??Ap??a@?G??DK?OA?CE??G?D?G,ILP,3,2,4,123132000312001321231131323332112,100100100010001001001101000000110,010001001100010011100000010001001,001010100100000100010010101110000
U?GY@COOGCC?@??Ap??a@?G??DK?OA?CE??G?D?G,ILP,3,2,4,123123000312001321321131332233112,100100100010001001001101000000110,010010001100010011010000001100001,001001100100000100100010110011000
U?GY@COOGCC?@??Ap??a@?G??DK?OA?CE??G?D?G,ILP,17,2,7,123123000321231020133133232221211,100001001001100100100010010001001,010010010010100010000000101110100,001100010001011000011101000000010
U?GY@COOGCC?@??Ap??a@?G??DK?OA?CE??G?D?G,ILP,10,2,7,123132000321231020132132323321211,100010100001001100010101000000011,010001010010100010001001010010100,001100001100010001011010001100000
U?GY@COOGCC?@??Ap??a@?G??DK?OA?CE??G?D?G,ILP,3,2,7,123231000123233030132212312321231,100001001001100100100010010001001,010100010010100000001101001010100,001010010001011010010000100100010
U?GY@COOGCC?@??Ap??a@?G??DK?OA?CE??G?D?G,ILP,17,2,7,123231000213133030231211312322132,100001001001100100100010010001001,010100010010100000001101001010100,001010010001011010010000100100010
U?GY@COOGCC?@??Ap??a@?G??DK?OA?CE??G?D?G,ILP,13,2,7,123312000213133020233313121122132,010010010010100010000000101110100,100001001001100100100010010001001,001100010001011000011101000000010
U?GY@COOGCC?@??Ap??a@?G??DK?OA?CE??G?D?G,ILP,10,2,7,123321000213133020321311312223132,100100001010100001001010001100100,010010100100000100010101001010001,001100010001011000100100100001010
U?GY@COOGCC?@??Ap??a@?G??DK?OA?CE??G?D?G,ILP,3,2,7,123321000123233020133313212221231,100001001001100100100010010001001,010010010010100010000000101110100,001100010001011000011101000000010
U?GY@COOGCC?@??Ap??a@?G??DK?OA?CE??G?D?G,ILP,13,2,7,123213000321231010312232332123211,001010010001011010010000100100010,010100010010100000001101001010100,100001001001100100100010010001001
U?GY@COOGCC?@??Ap??a@?G??DK?OA?CE??G?D?G,ILP,3,2,7,123312000123233020312312321123231,100010001001100100010010001100001,010001010010100010001001010010100,001100010001011000100100100001010
U?GY@COOGCC?@??Ap??a@?G??DK?OA?CE??G?D?G,ILP,10,2,11,123123000231321322123130032233112,100100100010001001001101000000110,010010001100010011010000001100001,001001100100000100100010110011000
U?GY@COOGCC?@??Ap??a@?G??DK?OA?CE??G?D?G,ILP,10,2,11,123213000213133311233230012321211,100010100100000011010001010000011,010100010010100000001101001010100,001001001001011100011010000100000
U?GY@COOGCC?@??Ap??a@?G??DK?OA?CE??G?D?G,ILP,14,2,11,123213000213133311233230012322112,100010100100000011010001010000011,010100010010100000001101001010100,001001001001011100011010000100000
U?GY@COOGCC?@??Ap??a@?G??DK?OA?CE??G?D?G,ILP,10,2,11,123312000231133123213310021123231,100010001001100100010010001100001,010001010010100010001001010010100,001100010001011000100100100001010
U?GY@COOGCC?@??Ap??a@?G??DK?OA?CE??G?D?G,ILP,14,2,11,123312000231123122213310021133231,100010001001100100010010001100001,010001010010100010001001010010100,001100010001011000100100100001010
U?GY@COOGCC?@??Ap??a@?G??DK?OA?CE??G?D?G,ILP,14,2,11,123132000213133321231310021122132,100100010001100000100010101100100,010001001100010011100000010001001,001010100010001100000100100011010
U?GY@COOGCC?@??Ap??a@?G??DK?OA?CE??G?D?G,ILP,10,2,11,123132000312122231231210031132132,100100100100000001100010101100100,010001001001011100100100000001001,001010010010100010000000110011010
U?GY@COOGCC?@??Ap??a@?G??DK?OA?CE??G?D?G,ILP,14,2,11,123213000231321312213230032133211,100010100010001011000000100100110,010100001100010001100100001001001,001001100100000100011011010010000
U?GY@COOGCC?@??Ap??a@?G??DK?OA?CE??G?D?G,ILP,14,2,11,123321000231123122123310012233132,001001100100000100100010110011000,010010001100010011010000001100001,100100100010001001001101000000110
U?GY@COOGCC?@??Ap??a@?G??DK?OA?CE??G?D?G,ILP,10,2,11,123321000231133123123310012223132,100100010001100000100010101100100,010010100100000100010101001010001,001100001010011001001100000001010
U?GY@COOGCC?@??Ap??a@?G??DK?OA?CE??G?D?G,ILP,14,2,11,123312000312122211233230013332112,001010010010100010000000110011010,010001001001011100100100000001001,100100100100000001100010101100100
U?GY@COOGCC?@??Ap??a@?G??DK?OA?CE??G?D?G,ILP,10,2,11,123312000312122211233230013331211,100010001010100011000000010001011,010001010001011010100000100100100,001001100100000100011011010010000
U?GY@COOGCC?@??Ap??a@?G??DK?OA?CE??G?D?G,ILP,3,3,5,123123312000020322321131332233112,100100100010001001001101000000110,010010001100010011010000001100001,001001100100000100100010110011000
U?GY@COOGCC?@??Ap??a@?G??DK?OA?CE??G?D?G,ILP,17,3,5,123321132000020122321311312233132,100100100010001001001101000000110,010010001100010011010000001100001,001001100100000100100010110011000
U?GY@COOGCC?@??Ap??a@?G??DK?OA?CE??G?D?G,ILP,13,3,5,123312132000020122233313121132132,001010100100000100010010101110000,010001001100010011100000010001001,100100100010001001001101000000110
U?GY@COOGCC?@??Ap??a@?G??DK?OA?CE??G?D?G,ILP,10,3,5,123231132000020132231211312332132,100001100001001100100010100100100,010100001100010001100100001001001,001010010010100010000000110011010
U?GY@COOGCC?@??Ap??a@?G??DK?OA?CE??G?D?G,ILP,13,3,5,123213321000020311312232332133211,010010001100010011010000001100001,100100100010001001001101000000110,001001100100000100100010110011000
U?GY@COOGCC?@??Ap??a@?G??DK?OA?CE??G?D?G,ILP,3,3,5,123213312000020312233233132132112,100010100010001011000000100100110,010100001100010001100100001001001,001001100100000100011011010010000
U?GY@COOGCC?@??Ap??a@?G??DK?OA?CE??G?D?G,ILP,10,3,5,123123321000020321133133232231211,100010001010100011000000010001011,010001010001011010100000100100100,001001100100000100011011010010000
U?GY@COOGCC?@??Ap??a@?G??DK?OA?CE??G?D?G,ILP,3,3,5,123132312000020322231131323332112,100100100010001001001101000000110,010001001100010011100000010001001,001010100100000100010010101110000
U?GY@COOGCC?@??Ap??a@?G??DK?OA?CE??G?D?G,ILP,17,3,5,123132321000020321132132323331211,001100010001011000100100100001010,010001010010100010001001010010100,100010001001100100010010001100001
U?GY@COOGCC?@??Ap??a@?G??DK?OA?CE??G?D?G,ILP,14,3,8,123123123000231321003131232223211,001100010001011000011101000000010,010010010010100010000000101110100,100001001001100100100010010001001
U?GY@COOGCC?@??Ap??a@?G??DK?OA?CE??G?D?G,ILP,10,3,8,123123123000321321003131232233211,100010100100000011010001010000011,010001010001011010100000100100100,001001001010100100001010010011000
U?GY@COOGCC?@??Ap??a@?G??DK?OA?CE??G?D?G,ILP,10,3,8,123312231000132211002232313321211,100010010001100010010001010000011,010001100010001100001101000010100,001100001100010001011010001100000
U?GY@COOGCC?@??Ap??a@?G??DK?OA?CE??G?D?G,ILP,14,3,8,123132231000132231002212331123231,001100001100010001011010001100000,010001100010001100001101000010100,100010010001100010010001010000011
U?GY@COOGCC?@??Ap??a@?G??DK?OA?CE??G?D?G,ILP,14,3,8,123132321000123321002312321133231,100100010001100000100010101100100,010001001100010011100000010001001,001010100010001100000100100011010
U?GY@COOGCC?@??Ap??a@?G??DK?OA?CE??G?D?G,ILP,14,3,8,123213321000123311002232312331211,100010100100000011010001010000011,010100010010100000001101001010100,001001001001011100011010000100000
U?GY@COOGCC?@??Ap??a@?G??DK?OA?CE??G?D?G,ILP,10,3,8,123132321000123321001312321133132,100100010001100000100010101100100,010001001100010011100000010001001,001010100010001100000100100011010
U?GY@COOGCC?@??Ap??a@?G??DK?OA?CE??G?D?G,ILP,10,3,8,123132231000132231001212331123132,100100001010100001001010001100100,010010100100000100010101001010001,001100010001011000100100100001010
U?GY@COOGCC?@??Ap??a@?G??DK?OA?CE??G?D?G,ILP,10,3,8,123213123000321311003232132133112,100010100010001011000000100100110,010100001100010001100100001001001,001001100100000100011011010010000
U?GY@COOGCC?@??Ap??a@?G??DK?OA?CE??G?D?G,ILP,14,3,8,123213123000231311003232132123112,100010100010001011000000100100110,010100001100010001100100001001001,001001100100000100011011010010000
U?GY@COOGCC?@??Ap??a@?G??DK?OA?CE??G?D?G,ILP,14,3,8,123312123000233123003312121123132,100010001001100100010010001100001,010001010010100010001001010010100,001100010001011000100100100001010
U?GY@COOGCC?@??Ap??a@?G??DK?OA?CE??G?D?G,ILP,10,3,8,123321123000233123003311212223231,100001001001100100100010010001001,010010010010100010000000101110100,001100010001011000011101000000010
U?GY@COOGCC?@??Ap??a@?G??DK?OA?CE??G?D?G,ILP,3,3,15,123312231000133120312312321103231,100010001001100100010010001100001,010001010010100010001001010010100,001100010001011000100100100001010
U?GY@COOGCC?@??Ap??a@?G??DK?OA?CE??G?D?G,ILP,5,3,15,123312321000123120312312321103231,100010001001100100010010001100001,010001010010100010001001010010100,001100010001011000100100100001010
U?GY@COOGCC?@??Ap??a@?G??DK?OA?CE??G?D?G,ILP,5,3,15,123231321000123130132212312301231,100001001001100100100010010001001,010100010010100000001101001010100,001010010001011010010000100100010
U?GY@COOGCC?@??Ap??a@?G??DK?OA?CE??G?D?G,ILP,3,3,15,123231231000133130132212312301231,100001001001100100100010010001001,010100010010100000001101001010100,001010010001011010010000100100010
U?GY@COOGCC?@??Ap??a@?G??DK?OA?CE??G?D?G,ILP,13,3,15,123231132000233130231211312302132,001001100100000100011011010010000,010100001100010001100100001001001,100010100010001011000000100100110
U?GY@COOGCC?@??Ap??a@?G??DK?OA?CE??G?D?G,ILP,12,3,15,123312132000233120233313121102132,100100100100000001100010101100100,010010001010100100000100001011001,001100010001011000011101000000010
U?GY@COOGCC?@??Ap??a@?G??DK?OA?CE??G?D?G,ILP,13,3,15,123321132000233120321311312203132,010001010010100010001001010010100,100010001001100100010010001100001,001100010001011000100100100001010
U?GY@COOGCC?@??Ap??a@?G??DK?OA?CE??G?D?G,ILP,3,3,15,123321231000133120133313212201231,100001001001100100100010010001001,010010010010100010000000101110100,001100010001011000011101000000010
U?GY@COOGCC?@??Ap??a@?G??DK?OA?CE??G?D?G,ILP,5,3,15,123321321000123120133313212201231,100001001001100100100010010001001,010010010010100010000000101110100,001100010001011000011101000000010
U?GY@COOGCC?@??Ap??a@?G??DK?OA?CE??G?D?G,ILP,13,4,5,123123021023000321133133232221211,010100001100010001100100001001001,100010100010001011000000100100110,001001100100000100011011010010000
U?GY@COOGCC?@??Ap??a@?G??DK?OA?CE??G?D?G,ILP,13,4,5,123132021023000321132132323321211,001100010001011000100100100001010,010001010010100010001001010010100,100010001001100100010010001100001
U?GY@COOGCC?@??Ap??a@?G??DK?OA?CE??G?D?G,ILP,3,4,5,123231021021000133132212312321231,100001001001100100100010010001001,010100010010100000001101001010100,001010010001011010010000100100010
U?GY@COOGCC?@??Ap??a@?G??DK?OA?CE??G?D?G,ILP,5,4,5,123231031021000132132212312331231,100001001001100100100010010001001,010100010010100000001101001010100,001010010001011010010000100100010
U?GY@COOGCC?@??Ap??a@?G??DK?OA?CE??G?D?G,ILP,5,4,5,123321031021000122133313212231231,100001001001100100100010010001001,010010010010100010000000101110100,001100010001011000011101000000010
U?GY@COOGCC?@??Ap??a@?G??DK?OA?CE??G?D?G,ILP,3,4,5,123321021021000123133313212221231,100001001001100100100010010001001,010010010010100010000000101110100,001100010001011000011101000000010
U?GY@COOGCC?@??Ap??a@?G??DK?OA?CE??G?D?G,ILP,5,4,5,123312031021000122312312321133231,100010001001100100010010001100001,010001010010100010001001010010100,001100010001011000100100100001010
U?GY@COOGCC?@??Ap??a@?G??DK?OA?CE??G?D?G,ILP,3,4,5,123312021021000123312312321123231,100010001001100100010010001100001,010001010010100010001001010010100,001100010001011000100100100001010
U?GY@COOGCC?@??Ap??a@?G??DK?OA?CE??G?D?G,ILP,12,4,5,123213021023000311312232332123211,100010100100000011010001010000011,010100010010100000001101001010100,001001001001011100011010000100000
U?GY@COOGCC?@??Ap??a@?G??DK?OA?CE??G?D?G,ILP,4,4,14,012123023312002321321131231203123,010100010010100000001101001010100,001010010001011010010000100100010,100001001001100100100010010001001
U?GY@COOGCC?@??Ap??a@?G??DK?OA?CE??G?D?G,ILP,12,4,14,012231021132002311122232313301321,100001001001100100100010010001001,001100010001011000011101000000010,010010010010100010000000101110100
U?GY@COOGCC?@??Ap??a@?G??DK?OA?CE??G?D?G,ILP,4,4,14,012231023312002311231231213302123,010001010010100010001001010010100,001100010001011000100100100001010,100010001001100100010010001100001
U?GY@COOGCC?@??Ap??a@?G??DK?OA?CE??G?D?G,ILP,4,4,14,012132031132003231122122321301331,010100001100010001100100001001001,001001100100000100011011010010000,100010100010001011000000100100110
U?GY@COOGCC?@??Ap??a@?G??DK?OA?CE??G?D?G,ILP,4,4,14,012321031132003211123323212201331,010001001100010011100000010001001,001010100100000100010010101110000,100100100010001001001101000000110
U?GY@COOGCC?@??Ap??a@?G??DK?OA?CE??G?D?G,ILP,4,4,14,012213023312002311322232131103123,010010010010100010000000101110100,001100010001011000011101000000010,100001001001100100100010010001001
U?GY@COOGCC?@??Ap??a@?G??DK?OA?CE??G?D?G,ILP,12,4,14,012123021132002321123133231201321,010100001100010001100100001001001,100010100010001011000000100100110,001001100100000100011011010010000
U?GY@COOGCC?@??Ap??a@?G??DK?OA?CE??G?D?G,ILP,12,4,14,012213021132002311213233231102321,100010001001100100010010001100001,001100010001011000100100100001010,010001010010100010001001010010100
U?GY@COOGCC?@??Ap??a@?G??DK?OA?CE??G?D?G,ILP,4,4,14,012312031132003211213323221102331,010010001100010011010000001100001,001001100100000100100010110011000,100100100010001001001101000000110
U?GY@COOGCC?@??Ap??a@?G??DK?OA?CE??G?D?G,ILP,10,5,12,123132231023030231132212300321231,100001001001100100100010010001001,010100010010100000001101001010100,001010010001011010010000100100010
U?GY@COOGCC?@??Ap??a@?G??DK?OA?CE??G?D?G,ILP,14,5,12,123312231023030211312232300123211,100010001001100100010010001100001,010001010010100010001001010010100,001100010001011000100100100001010
U?GY@COOGCC?@??Ap??a@?G??DK?OA?CE??G?D?G,ILP,14,5,12,123312123031030123213311200223231,010010100100000100010101001010001,100100010001100000100010101100100,001100001010011001001100000001010
U?GY@COOGCC?@??Ap??a@?G??DK?OA?CE??G?D?G,ILP,10,5,12,123312123031030123213131200223211,100010100001001100010101000000011,010001010010100010001001010010100,001100001100010001011010001100000
U?GY@COOGCC?@??Ap??a@?G??DK?OA?CE??G?D?G,ILP,10,5,12,123312132021020122312131300233211,100010010001100010010001010000011,010001001010011011001000000100100,001001100100000100100010110011000
U?GY@COOGCC?@??Ap??a@?G??DK?OA?CE??G?D?G,ILP,14,5,12,123312132021020122312311300233231,100010001001100100010010001100001,010001010010100010001001010010100,001100010001011000100100100001010
U?GY@COOGCC?@??Ap??a@?G??DK?OA?CE??G?D?G,ILP,14,5,12,123312132013030211233233100122112,100100100100000001100010101100100,010010001010100100000100001011001,001100010001011000011101000000010
U?GY@COOGCC?@??Ap??a@?G??DK?OA?CE??G?D?G,ILP,10,5,12,123312132012020211233233100132112,100010100010001011000000100100110,010100001100010001100100001001001,001001100100000100011011010010000
U?GY@COOGCC?@??Ap??a@?G??DK?OA?CE??G?D?G,ILP,10,5,12,123132132012020231231211300332132,100100100100000001100010101100100,010001001001011100100100000001001,001010010010100010000000110011010
U?GY@COOGCC?@??Ap??a@?G??DK?OA?CE??G?D?G,ILP,14,5,12,123132132013030231231211300322132,010100010010100000001101001010100,100001001001100100100010010001001,001010010001011010010000100100010
U?GY@COOGCC?@??Ap??a@?G??DK?OA?CE??G?D?G,ILP,14,5,12,123321132021020122133313100132132,100100100100000001100010101100100,010010001010100100000100001011001,001100010001011000011101000000010
U?GY@COOGCC?@??Ap??a@?G??DK?OA?CE??G?D?G,ILP,10,5,12,123321123031030123123312100123132,100100010001100000100010101100100,010010100100000100010101001010001,001100001010011001001100000001010
U?GY@COOGCC?@??Ap??a@?G??DK?OA?CE??G?D?G,ILP,10,6,7,123032201321132000132232313321211,100010010001100010010001010000011,010001100010001100001101000010100,001100001100010001011010001100000
U?GY@COOGCC?@??Ap??a@?G??DK?OA?CE??G?D?G,ILP,10,6,7,123021103231321000123212132133132,100001100001001100100010100100100,010100001100010001100100001001001,001010010010100010000000110011010
U?GY@COOGCC?@??Ap??a@?G??DK?OA?CE??G?D?G,ILP,14,6,7,123032301321122000132232313331211,010001001100010011100000010001001,100100100010001001001101000000110,001010100100000100010010101110000
U?GY@COOGCC?@??Ap??a@?G??DK?OA?CE??G?D?G,ILP,14,6,7,123012302312122000233213131132132,100010100010001011000000100100110,010100001100010001100100001001001,001001100100000100011011010010000
U?GY@COOGCC?@??Ap??a@?G??DK?OA?CE??G?D?G,ILP,10,6,7,123032302312122000231231313332112,100100100010001001001101000000110,010001001100010011100000010001001,001010100100000100010010101110000
U?GY@COOGCC?@??Ap??a@?G??DK?OA?CE??G?D?G,ILP,14,6,7,123012301321122000312212331133231,100010001001100100010010001100001,010001010010100010001001010010100,001100010001011000100100100001010
U?GY@COOGCC?@??Ap??a@?G??DK?OA?CE??G?D?G,ILP,14,6,7,123013102321231000312131332223211,100010010001100010010001010000011,010001001010011011001000000100100,001001100100000100100010110011000
U?GY@COOGCC?@??Ap??a@?G??DK?OA?CE??G?D?G,ILP,10,6,7,123012201321132000312212331123231,100010001001100100010010001100001,010001010010100010001001010010100,001100010001011000100100100001010
U?GY@COOGCC?@??Ap??a@?G??DK?OA?CE??G?D?G,ILP,14,6,7,123023102321231000133233132122112,100010100010001011000000100100110,010100001100010001100100001001001,001001100100000100011011010010000
U?GY@COOGCC?@??Ap??a@?G??DK?OA?CE??G?D?G,ILP,10,6,7,123021102321231000133213132122132,100100100100000001100010101100100,010010001010100100000100001011001,001100010001011000011101000000010
U?GY@COOGCC?@??Ap??a@?G??DK?OA?CE??G?D?G,ILP,10,6,7,123013103231321000213131232233211,100010100100000011010001010000011,010001010001011010100000100100100,001001001010100100001010010011000
U?GY@COOGCC?@??Ap??a@?G??DK?OA?CE??G?D?G,ILP,14,6,7,123023103231321000123232132133112,010001010001011010100000100100100,100010100100000011010001010000011,001001001010100100001010010011000
U?GY@COOGCC?@??Ap??a@?G??DK?OA?CE??G?D?G,ILP,3,6,10,123012123132322001213001213233211,100010100100000011010001010000011,010001010001011010100000100100100,001001001010100100001010010011000
U?GY@COOGCC?@??Ap??a@?G??DK?OA?CE??G?D?G,ILP,5,6,10,123012123132322001213001231233231,100010100100000011010001010000011,010001010001011010100000100100100,001001001010100100001010010011000
U?GY@COOGCC?@??Ap??a@?G??DK?OA?CE??G?D?G,ILP,13,6,10,123013231213133001233003212221211,010010001010100100000100001011001,100100100100000001100010101100100,001100010001011000011101000000010
U?GY@COOGCC?@??Ap??a@?G??DK?OA?CE??G?D?G,ILP,3,6,10,123012321312122001233003213231211,100010001010100011000000010001011,010001010001011010100000100100100,001001100100000100011011010010000
U?GY@COOGCC?@??Ap??a@?G??DK?OA?CE??G?D?G,ILP,5,6,10,123012321312122001233003231231231,100010001010100011000000010001011,010001010001011010100000100100100,001001100100000100011011010010000
U?GY@COOGCC?@??Ap??a@?G??DK?OA?CE??G?D?G,ILP,13,6,10,123013213231133003213001212223211,100010010001100010010001010000011,001001100100000100100010110011000,010001001010011011001000000100100
U?GY@COOGCC?@??Ap??a@?G??DK?OA?CE??G?D?G,ILP,12,6,10,123013132123233001312001312223211,100010100100000011010001010000011,010100010010100000001101001010100,001001001001011100011010000100000
U?GY@COOGCC?@??Ap??a@?G??DK?OA?CE??G?D?G,ILP,3,6,10,123012312321122002312001313233211,100010010001100010010001010000011,010001001010011011001000000100100,001001100100000100100010110011000
U?GY@COOGCC?@??Ap??a@?G??DK?OA?CE??G?D?G,ILP,5,6,10,123012312321122002312001331233231,100010010001100010010001010000011,010001001010011011001000000100100,001001100100000100100010110011000
U?GY@COOGCC?@??Ap??a@?G??DK?OA?CE??G?D?G,ILP,3,7,15,123123102210321020321131332203112,100100100010001001001101000000110,010010001100010011010000001100001,001001100100000100100010110011000
U?GY@COOGCC?@??Ap??a@?G??DK?OA?CE??G?D?G,ILP,13,7,15,123231302210123030231211312302132,001001100100000100011011010010000,010100001100010001100100001001001,100010100010001011000000100100110
U?GY@COOGCC?@??Ap??a@?G??DK?OA?CE??G?D?G,ILP,3,7,15,123213102210321010233233132102112,100010100010001011000000100100110,010100001100010001100100001001001,001001100100000100011011010010000
U?GY@COOGCC?@??Ap??a@?G??DK?OA?CE??G?D?G,ILP,5,7,15,123213102310231010233233132102112,100010100010001011000000100100110,010100001100010001100100001001001,001001100100000100011011010010000
U?GY@COOGCC?@??Ap??a@?G??DK?OA?CE??G?D?G,ILP,12,7,15,123312302210123020233313121102132,100100010001100000100010101100100,010001001100010011100000010001001,001010100010001100000100100011010
U?GY@COOGCC?@??Ap??a@?G??DK?OA?CE??G?D?G,ILP,5,7,15,123132102310231020231131323302112,100100100010001001001101000000110,010001001100010011100000010001001,001010100100000100010010101110000
U?GY@COOGCC?@??Ap??a@?G??DK?OA?CE??G?D?G,ILP,3,7,15,123132102210321020231131323302112,100100100010001001001101000000110,010001001100010011100000010001001,001010100100000100010010101110000
U?GY@COOGCC?@??Ap??a@?G??DK?OA?CE??G?D?G,ILP,13,7,15,123321302210123020321311312203132,010001010010100010001001010010100,100010001001100100010010001100001,001100010001011000100100100001010
U?GY@COOGCC?@??Ap??a@?G??DK?OA?CE??G?D?G,ILP,5,7,15,123123102310231020321131332203112,100100100010001001001101000000110,010010001100010011010000001100001,001001100100000100100010110011000
U?GY@COOGCC?@??Ap??a@?G??DK?OA?CE??G?D?G,ILP,17,8,9,123302132102322211000231313332112,100100100100000001100010101100100,010001001001011100100100000001001,001010010010100010000000110011010
U?GY@COOGCC?@??Ap??a@?G??DK?OA?CE??G?D?G,ILP,10,8,9,123102213301132233000212131123132,100100010001100000100010101100100,010010100100000100010101001010001,001100001010011001001100000001010
U?GY@COOGCC?@??Ap??a@?G??DK?OA?CE??G?D?G,ILP,3,8,9,123102132102322231000213131132132,100100100100000001100010101100100,010001001001011100100100000001001,001010010010100010000000110011010
U?GY@COOGCC?@??Ap??a@?G??DK?OA?CE??G?D?G,ILP,3,8,9,123201132201321132000213132132132,100001100001001100100010100100100,010100001100010001100100001001001,001010010010100010000000110011010
U?GY@COOGCC?@??Ap??a@?G??DK?OA?CE??G?D?G,ILP,3,8,9,123102312201123322000313121132132,100100010001100000100010101100100,010001001100010011100000010001001,001010100010001100000100100011010
U?GY@COOGCC?@??Ap??a@?G??DK?OA?CE??G?D?G,ILP,10,8,9,123302132201321122000131323332112,100100100010001001001101000000110,010001001100010011100000010001001,001010100100000100010010101110000
U?GY@COOGCC?@??Ap??a@?G??DK?OA?CE??G?D?G,ILP,13,8,9,123102123103233321000312121123132,100100100100000001100010101100100,001010010010100010000000110011010,010001001001011100100100000001001
U?GY@COOGCC?@??Ap??a@?G??DK?OA?CE??G?D?G,ILP,13,8,9,123203312201123312000231312332112,001010010010100010000000110011010,010100001100010001100100001001001,100001100001001100100010100100100
U?GY@COOGCC?@??Ap??a@?G??DK?OA?CE??G?D?G,ILP,17,8,9,123201123301231133000212132123132,100001100001001100100010100100100,010100001100010001100100001001001,001010010010100010000000110011010
U?GY@COOGCC?@??Ap??a@?G??DK?OA?CE??G?D?G,ILP,13,8,16,123312132102322211002231313330011,100010100100000011010001010000011,001001001001011100011010000100000,010100010010100000001101001010100
U?GY@COOGCC?@??Ap??a@?G??DK?OA?CE??G?D?G,ILP,13,8,16,123312132201321122002131323330011,001010100010001100000100100011010,010001001100010011100000010001001,100100010001100000100010101100100
U?GY@COOGCC?@??Ap??a@?G??DK?OA?CE??G?D?G,ILP,3,8,16,123312123301231123003131223320011,100010100001001100010101000000011,010001010010100010001001010010100,001100001100010001011010001100000
U?GY@COOGCC?@??Ap??a@?G??DK?OA?CE??G?D?G,ILP,5,8,16,123312123301231123003132123320012,100010100001001100010101000000011,010001010010100010001001010010100,001100001100010001011010001100000
U?GY@COOGCC?@??Ap??a@?G??DK?OA?CE??G?D?G,ILP,5,8,16,123312213301132213003232113320012,100010010001100010010001010000011,010001100010001100001101000010100,001100001100010001011010001100000
U?GY@COOGCC?@??Ap??a@?G??DK?OA?CE??G?D?G,ILP,3,8,16,123312213301132213003231213320011,100010010001100010010001010000011,010001100010001100001101000010100,001100001100010001011010001100000
U?GY@COOGCC?@??Ap??a@?G??DK?OA?CE??G?D?G,ILP,3,8,16,123213123103233311003231212320011,100010100100000011010001010000011,010100010010100000001101001010100,001001001001011100011010000100000
U?GY@COOGCC?@??Ap??a@?G??DK?OA?CE??G?D?G,ILP,5,8,16,123213123103233311003232112320012,100010100100000011010001010000011,010100010010100000001101001010100,001001001001011100011010000100000
U?GY@COOGCC?@??Ap??a@?G??DK?OA?CE??G?D?G,ILP,12,8,16,123213312201123312002231312330011,100010010001100010010001010000011,010001001010011011001000000100100,001001100100000100100010110011000
U?GY@COOGCC?@??Ap??a@?G??DK?OA?CE??G?D?G,ILP,12,9,21,123102123123233321010312021123230,100010001001100100010010001100001,010001010010100010001001010010100,001100010001011000100100100001010
U?GY@COOGCC?@??Ap??a@?G??DK?OA?CE??G?D?G,ILP,13,9,21,123102213321132233010212031123230,100100010001100000100010101100100,001010100010001100000100100011010,010001001100010011100000010001001
U?GY@COOGCC?@??Ap??a@?G??DK?OA?CE??G?D?G,ILP,3,9,21,123302213321132213030232013321210,100010010001100010010001010000011,010001100010001100001101000010100,001100001100010001011010001100000
U?GY@COOGCC?@??Ap??a@?G??DK?OA?CE??G?D?G,ILP,5,9,21,123302213321132213030231013322110,100010010001100010010001010000011,010001100010001100001101000010100,001100001100010001011010001100000
U?GY@COOGCC?@??Ap??a@?G??DK?OA?CE??G?D?G,ILP,5,9,21,123203123123233311030231012322110,100010100100000011010001010000011,010100010010100000001101001010100,001001001001011100011010000100000
U?GY@COOGCC?@??Ap??a@?G??DK?OA?CE??G?D?G,ILP,5,9,21,123302123321231123030131023322110,100010100001001100010101000000011,010001010010100010001001010010100,001100001100010001011010001100000
U?GY@COOGCC?@??Ap??a@?G??DK?OA?CE??G?D?G,ILP,3,9,21,123302123321231123030132023321210,100010100001001100010101000000011,010001010010100010001001010010100,001100001100010001011010001100000
U?GY@COOGCC?@??Ap??a@?G??DK?OA?CE??G?D?G,ILP,13,9,21,123201123321231133010212032123230,001001001001011100011010000100000,010100010010100000001101001010100,100010100100000011010001010000011
U?GY@COOGCC?@??Ap??a@?G??DK?OA?CE??G?D?G,ILP,3,9,21,123203123123233311030232012321210,100010100100000011010001010000011,010100010010100000001101001010100,001001001001011100011010000100000
U?GY@COOGCC?@??Ap??a@?G??DK?OA?CE??G?D?G,ILP,5,10,13,123123213231133203123002102023112,100100010001100000100010101100100,010010100100000100010101001010001,001100001010011001001100000001010
U?GY@COOGCC?@??Ap??a@?G??DK?OA?CE??G?D?G,ILP,5,10,13,123123231213133201321002302023112,100100001010100001001010001100100,010010100100000100010101001010001,001100010001011000100100100001010
U?GY@COOGCC?@??Ap??a@?G??DK?OA?CE??G?D?G,ILP,13,10,13,123312213231133203213001201023231,100010010001100010010001010000011,001001100100000100100010110011000,010001001010011011001000000100100
U?GY@COOGCC?@??Ap??a@?G??DK?OA?CE??G?D?G,ILP,13,10,13,123312231213133201233003201021231,010010001010100100000100001011001,100100100100000001100010101100100,001100010001011000011101000000010
U?GY@COOGCC?@??Ap??a@?G??DK?OA?CE??G?D?G,ILP,12,10,13,123312132123233201312001301023231,100010001001100100010010001100001,010001010010100010001001010010100,001100010001011000100100100001010
U?GY@COOGCC?@??Ap??a@?G??DK?OA?CE??G?D?G,ILP,5,10,13,123123132123233201133003102022112,100100100100000001100010101100100,010010001010100100000100001011001,001100010001011000011101000000010
U?GY@COOGCC?@??Ap??a@?G??DK?OA?CE??G?D?G,ILP,3,10,13,123321132123233201133003102022132,100100100100000001100010101100100,010010001010100100000100001011001,001100010001011000011101000000010
U?GY@COOGCC?@??Ap??a@?G??DK?OA?CE??G?D?G,ILP,3,10,13,123321231213133201321002302023132,100100001010100001001010001100100,010010100100000100010101001010001,001100010001011000100100100001010
U?GY@COOGCC?@??Ap??a@?G??DK?OA?CE??G?D?G,ILP,3,10,13,123321213231133203123002102023132,100100010001100000100010101100100,010010100100000100010101001010001,001100001010011001001100000001010
U?GY@COOGCC?@??Ap??a@?G??DK?OA?CE??G?D?G,ILP,4,10,18,102132123132322301122002131133103,100100100100000001100010101100100,001100010001011000011101000000010,010010001010100100000100001011001
U?GY@COOGCC?@??Ap??a@?G??DK?OA?CE??G?D?G,ILP,4,10,18,102132321312122301231003231132103,100100001010100001001010001100100,001100010001011000100100100001010,010010100100000100010101001010001
U?GY@COOGCC?@??Ap??a@?G??DK?OA?CE??G?D?G,ILP,4,10,18,102132312321122302132003131132103,100100010001100000100010101100100,001100001010011001001100000001010,010010100100000100010101001010001
U?GY@COOGCC?@??Ap??a@?G??DK?OA?CE??G?D?G,ILP,12,10,18,102132132123233201132003121122103,100100100100000001100010101100100,010010001010100100000100001011001,001100010001011000011101000000010
U?GY@COOGCC?@??Ap??a@?G??DK?OA?CE??G?D?G,ILP,12,10,18,102132231213133201231003221122103,010001001010011011001000000100100,001001100100000100100010110011000,100010010001100010010001010000011
U?GY@COOGCC?@??Ap??a@?G??DK?OA?CE??G?D?G,ILP,12,10,18,102132213231133203122002121123103,010001010001011010100000100100100,001001100100000100011011010010000,100010001010100011000000010001011
U?GY@COOGCC?@??Ap??a@?G??DK?OA?CE??G?D?G,ILP,4,10,18,102312132123233201312001321322301,100010100100000011010001010000011,001001001010100100001010010011000,010001010001011010100000100100100
U?GY@COOGCC?@??Ap??a@?G??DK?OA?CE??G?D?G,ILP,4,10,18,102312231213133201322002321321301,100010001010100011000000010001011,001001100100000100011011010010000,010001010001011010100000100100100
U?GY@COOGCC?@??Ap??a@?G??DK?OA?CE??G?D?G,ILP,4,10,18,102312213231133203213001221322301,100010010001100010010001010000011,001001100100000100100010110011000,010001001010011011001000000100100
U?GY@COOGCC?@??Ap??a@?G??DK?OA?CE??G?D?G,ILP,3,11,17,123213120123233311312230012020211,100010100100000011010001010000011,010100010010100000001101001010100,001001001001011100011010000100000
U?GY@COOGCC?@??Ap??a@?G??DK?OA?CE??G?D?G,ILP,10,11,17,123312130132322211213230013030211,100010100100000011010001010000011,010001010001011010100000100100100,001001001010100100001010010011000
U?GY@COOGCC?@??Ap??a@?G??DK?OA?CE??G?D?G,ILP,13,11,17,123213310231123312213230012030211,100010010001100010010001010000011,001100001100010001011010001100000,010001100010001100001101000010100
U?GY@COOGCC?@??Ap??a@?G??DK?OA?CE??G?D?G,ILP,13,11,17,123132120123233321132310021020231,001100001100010001011010001100000,010001010010100010001001010010100,100010100001001100010101000000011
U?GY@COOGCC?@??Ap??a@?G??DK?OA?CE??G?D?G,ILP,10,11,17,123231120321231133132210032020231,100001001001100100100010010001001,010100010010100000001101001010100,001010010001011010010000100100010
U?GY@COOGCC?@??Ap??a@?G??DK?OA?CE??G?D?G,ILP,3,11,17,123312210321132213312230013020211,100010010001100010010001010000011,010001100010001100001101000010100,001100001100010001011010001100000
U?GY@COOGCC?@??Ap??a@?G??DK?OA?CE??G?D?G,ILP,3,11,17,123312120321231123312130023020211,100010100001001100010101000000011,010001010010100010001001010010100,001100001100010001011010001100000
U?GY@COOGCC?@??Ap??a@?G??DK?OA?CE??G?D?G,ILP,17,11,17,123132210321132233132210031020231,100100010001100000100010101100100,001010100010001100000100100011010,010001001100010011100000010001001
U?GY@COOGCC?@??Ap??a@?G??DK?OA?CE??G?D?G,ILP,17,11,17,123312130231321122213130023030211,100010100001001100010101000000011,010001010010100010001001010010100,001100001100010001011010001100000
U?GY@COOGCC?@??Ap??a@?G??DK?OA?CE??G?D?G,ILP,5,11,21,123132310231123322210310021133230,100100010001100000100010101100100,010001001100010011100000010001001,001010100010001100000100100011010
U?GY@COOGCC?@??Ap??a@?G??DK?OA?CE??G?D?G,ILP,3,11,21,123132310231123322120310021133130,100100010001100000100010101100100,010001001100010011100000010001001,001010100010001100000100100011010
U?GY@COOGCC?@??Ap??a@?G??DK?OA?CE??G?D?G,ILP,5,11,21,123231130231321132210210032133230,100001100001001100100010100100100,010100001100010001100100001001001,001010010010100010000000110011010
U?GY@COOGCC?@??Ap??a@?G??DK?OA?CE??G?D?G,ILP,5,11,21,123132130132322231210210031133230,100100100100000001100010101100100,010001001001011100100100000001001,001010010010100010000000110011010
U?GY@COOGCC?@??Ap??a@?G??DK?OA?CE??G?D?G,ILP,12,11,21,123132120123233321130310021122130,100100100100000001100010101100100,010010001010100100000100001011001,001100010001011000011101000000010
U?GY@COOGCC?@??Ap??a@?G??DK?OA?CE??G?D?G,ILP,3,11,21,123132130132322231120210031133130,100100100100000001100010101100100,010001001001011100100100000001001,001010010010100010000000110011010
U?GY@COOGCC?@??Ap??a@?G??DK?OA?CE??G?D?G,ILP,13,11,21,123231120321231133130210032122130,001001001001011100011010000100000,010100010010100000001101001010100,100010100100000011010001010000011
U?GY@COOGCC?@??Ap??a@?G??DK?OA?CE??G?D?G,ILP,3,11,21,123231130231321132120210032133130,100001100001001100100010100100100,010100001100010001100100001001001,001010010010100010000000110011010
U?GY@COOGCC?@??Ap??a@?G??DK?OA?CE??G?D?G,ILP,13,11,21,123132210321132233130210031122130,100100010001100000100010101100100,001010100010001100000100100011010,010001001100010011100000010001001
U?GY@COOGCC?@??Ap??a@?G??DK?OA?CE??G?D?G,ILP,17,12,13,123312231213130211233033200021211,010010001010100100000100001011001,100100100100000001100010101100100,001100010001011000011101000000010
U?GY@COOGCC?@??Ap??a@?G??DK?OA?CE??G?D?G,ILP,10,12,13,123312213231130213213031200023211,100010010001100010010001010000011,010001100010001100001101000010100,001100001100010001011010001100000
U?GY@COOGCC?@??Ap??a@?G??DK?OA?CE??G?D?G,ILP,3,12,13,123213123132320311213031200033211,100010100100000011010001010000011,010001010001011010100000100100100,001001001010100100001010010011000
U?GY@COOGCC?@??Ap??a@?G??DK?OA?CE??G?D?G,ILP,17,12,13,123123123132320321123032100033112,100010100100000011010001010000011,010001010001011010100000100100100,001001001010100100001010010011000
U?GY@COOGCC?@??Ap??a@?G??DK?OA?CE??G?D?G,ILP,3,12,13,123213312321120312312031300033211,100010010001100010010001010000011,010001001010011011001000000100100,001001100100000100100010110011000
U?GY@COOGCC?@??Ap??a@?G??DK?OA?CE??G?D?G,ILP,13,12,13,123312132123230211312031300023211,100010100100000011010001010000011,001001001010100100001010010011000,010001010001011010100000100100100
U?GY@COOGCC?@??Ap??a@?G??DK?OA?CE??G?D?G,ILP,13,12,13,123123312321120322133033100032112,010001010001011010100000100100100,100010001010100011000000010001011,001001100100000100011011010010000
U?GY@COOGCC?@??Ap??a@?G??DK?OA?CE??G?D?G,ILP,10,12,13,123123321312120321321032300033112,100100100010001001001101000000110,010010001100010011010000001100001,001001100100000100100010110011000
U?GY@COOGCC?@??Ap??a@?G??DK?OA?CE??G?D?G,ILP,3,12,13,123213321312120311233033200031211,100010001010100011000000010001011,010001010001011010100000100100100,001001100100000100011011010010000
U?GY@COOGCC?@??Ap??a@?G??DK?OA?CE??G?D?G,ILP,12,12,19,123120312321120322133313100132102,100100010001100000100010101100100,010001001100010011100000010001001,001010100010001100000100100011010
U?GY@COOGCC?@??Ap??a@?G??DK?OA?CE??G?D?G,ILP,3,12,19,123120132123230231133213100122102,100100100100000001100010101100100,010010001010100100000100001011001,001100010001011000011101000000010
U?GY@COOGCC?@??Ap??a@?G??DK?OA?CE??G?D?G,ILP,5,12,19,123320132123230211133233100122102,100100100100000001100010101100100,010010001010100100000100001011001,001100010001011000011101000000010
U?GY@COOGCC?@??Ap??a@?G??DK?OA?CE??G?D?G,ILP,3,12,19,123120231213130231321212300123102,100100001010100001001010001100100,010010100100000100010101001010001,001100010001011000100100100001010
U?GY@COOGCC?@??Ap??a@?G??DK?OA?CE??G?D?G,ILP,5,12,19,123320231213130211321232300123102,100100001010100001001010001100100,010010100100000100010101001010001,001100010001011000100100100001010
U?GY@COOGCC?@??Ap??a@?G??DK?OA?CE??G?D?G,ILP,5,12,19,123320213231130213123232100123102,100100010001100000100010101100100,010010100100000100010101001010001,001100001010011001001100000001010
U?GY@COOGCC?@??Ap??a@?G??DK?OA?CE??G?D?G,ILP,3,12,19,123120213231130233123212100123102,100100010001100000100010101100100,010010100100000100010101001010001,001100001010011001001100000001010
U?GY@COOGCC?@??Ap??a@?G??DK?OA?CE??G?D?G,ILP,13,12,19,123120321312120321321312300133102,010001001010011011001000000100100,100010010001100010010001010000011,001001100100000100100010110011000
U?GY@COOGCC?@??Ap??a@?G??DK?OA?CE??G?D?G,ILP,13,12,19,123120123132320321123312100133102,100100100100000001100010101100100,001100010001011000011101000000010,010010001010100100000100001011001
U?GY@COOGCC?@??Ap??a@?G??DK?OA?CE??G?D?G,ILP,14,13,17,123123123123233321133030102020112,100100100100000001100010101100100,010010001010100100000100001011001,001100010001011000011101000000010
U?GY@COOGCC?@??Ap??a@?G??DK?OA?CE??G?D?G,ILP,10,13,17,123123123123233321133030202020211,100010100100000011010001010000011,010100010010100000001101001010100,001001001001011100011010000100000
U?GY@COOGCC?@??Ap??a@?G??DK?OA?CE??G?D?G,ILP,14,13,17,123132312321122322132010301030231,100100010001100000100010101100100,010001001100010011100000010001001,001010100010001100000100100011010
U?GY@COOGCC?@??Ap??a@?G??DK?OA?CE??G?D?G,ILP,10,13,17,123132312321122322132030303030211,100010010001100010010001010000011,010001001010011011001000000100100,001001100100000100100010110011000
U?GY@COOGCC?@??Ap??a@?G??DK?OA?CE??G?D?G,ILP,14,13,17,123132132123233231132010301020231,100100100100000001100010101100100,010010001010100100000100001011001,001100010001011000011101000000010
U?GY@COOGCC?@??Ap??a@?G??DK?OA?CE??G?D?G,ILP,10,13,17,123132321312122321231030303030112,100100100010001001001101000000110,010001001100010011100000010001001,001010100100000100010010101110000
U?GY@COOGCC?@??Ap??a@?G??DK?OA?CE??G?D?G,ILP,14,13,17,123132321312122321231010301030132,100100001010100001001010001100100,001100010001011000100100100001010,010010100100000100010101001010001
U?GY@COOGCC?@??Ap??a@?G??DK?OA?CE??G?D?G,ILP,10,13,17,123321132231321122123010102030132,100001100001001100100010100100100,010100001100010001100100001001001,001010010010100010000000110011010
U?GY@COOGCC?@??Ap??a@?G??DK?OA?CE??G?D?G,ILP,14,13,17,123123312231123322123030102030112,100100010001100000100010101100100,010001001100010011100000010001001,001010100010001100000100100011010
U?GY@COOGCC?@??Ap??a@?G??DK?OA?CE??G?D?G,ILP,14,13,17,123321123321231123133010102020132,100001100001001100100010100100100,001010010010100010000000110011010,010100001100010001100100001001001
U?GY@COOGCC?@??Ap??a@?G??DK?OA?CE??G?D?G,ILP,10,13,17,123321123321231123133010202020231,100001001001100100100010010001001,010010010010100010000000101110100,001100010001011000011101000000010
U?GY@COOGCC?@??Ap??a@?G??DK?OA?CE??G?D?G,ILP,10,13,17,123132231213133231231010301020132,100100001010100001001010001100100,010010100100000100010101001010001,001100010001011000100100100001010
U?GY@COOGCC?@??Ap??a@?G??DK?OA?CE??G?D?G,ILP,12,14,15,012321213210103210321321212203133,010001010010100010001001010010100,100010001001100100010010001100001,001100010001011000100100100001010
U?GY@COOGCC?@??Ap??a@?G??DK?OA?CE??G?D?G,ILP,12,14,15,012312213210103210322322121103133,100010100010001011000000100100110,001001100100000100011011010010000,010100001100010001100100001001001
U?GY@COOGCC?@??Ap??a@?G??DK?OA?CE??G?D?G,ILP,12,14,15,012132213210103230231121221302133,100100100010001001001101000000110,001001100100000100100010110011000,010010001100010011010000001100001
U?GY@COOGCC?@??Ap??a@?G??DK?OA?CE??G?D?G,ILP,4,14,15,012231213310102310231231213302123,010001010010100010001001010010100,001100010001011000100100100001010,100010001001100100010010001100001
U?GY@COOGCC?@??Ap??a@?G??DK?OA?CE??G?D?G,ILP,4,14,15,012123213310102320321131231203123,010100010010100000001101001010100,001010010001011010010000100100010,100001001001100100100010010001001
U?GY@COOGCC?@??Ap??a@?G??DK?OA?CE??G?D?G,ILP,4,14,15,012213213310102310322232131103123,010010010010100010000000101110100,001100010001011000011101000000010,100001001001100100100010010001001
U?GY@COOGCC?@??Ap??a@?G??DK?OA?CE??G?D?G,ILP,4,14,15,012132231230103230122122321301331,010100001100010001100100001001001,001001100100000100011011010010000,100010100010001011000000100100110
U?GY@COOGCC?@??Ap??a@?G??DK?OA?CE??G?D?G,ILP,4,14,15,012321231230103210123323212201331,010001001100010011100000010001001,001010100100000100010010101110000,100100100010001001001101000000110
U?GY@COOGCC?@??Ap??a@?G??DK?OA?CE??G?D?G,ILP,4,14,15,012312231230103210213323221102331,010010001100010011010000001100001,001001100100000100100010110011000,100100100010001001001101000000110
U?GY@COOGCC?@??Ap??a@?G??DK?OA?CE??G?D?G,ILP,13,16,17,123312132132322211203230113030012,100010100100000011010001010000011,001001001001011100011010000100000,010100010010100000001101001010100
U?GY@COOGCC?@??Ap??a@?G??DK?OA?CE??G?D?G,ILP,5,16,17,123132132132322231102210331030031,100100100100000001100010101100100,010001001001011100100100000001001,001010010010100010000000110011010
U?GY@COOGCC?@??Ap??a@?G??DK?OA?CE??G?D?G,ILP,3,16,17,123132132132322231201210331030032,100100100100000001100010101100100,010001001001011100100100000001001,001010010010100010000000110011010
U?GY@COOGCC?@??Ap??a@?G??DK?OA?CE??G?D?G,ILP,13,16,17,123312132231321122203130123030012,001010100010001100000100100011010,010001001100010011100000010001001,100100010001100000100010101100100
U?GY@COOGCC?@??Ap??a@?G??DK?OA?CE??G?D?G,ILP,3,16,17,123231132231321132201210332030032,100001100001001100100010100100100,010100001100010001100100001001001,001010010010100010000000110011010
U?GY@COOGCC?@??Ap??a@?G??DK?OA?CE??G?D?G,ILP,5,16,17,123231132231321132102210332030031,100001100001001100100010100100100,010100001100010001100100001001001,001010010010100010000000110011010
U?GY@COOGCC?@??Ap??a@?G??DK?OA?CE??G?D?G,ILP,12,16,17,123213312231123312203230112030012,100010100010001011000000100100110,010100001100010001100100001001001,001001100100000100011011010010000
U?GY@COOGCC?@??Ap??a@?G??DK?OA?CE??G?D?G,ILP,5,16,17,123132312231123322102310321030031,100100010001100000100010101100100,010001001100010011100000010001001,001010100010001100000100100011010
U?GY@COOGCC?@??Ap??a@?G??DK?OA?CE??G?D?G,ILP,3,16,17,123132312231123322201310321030032,100100010001100000100010101100100,010001001100010011100000010001001,001010100010001100000100100011010
U?GY@COOGCC?@??Ap??a@?G??DK?OA?CE??G?D?G,ILP,4,16,20,120132312231123322102313121130030,100100010001100000100010101100100,010001001100010011100000010001001,001010100010001100000100100011010
U?GY@COOGCC?@??Ap??a@?G??DK?OA?CE??G?D?G,ILP,4,16,20,120132132132322231102213131130030,100100100100000001100010101100100,010001001001011100100100000001001,001010010010100010000000110011010
U?GY@COOGCC?@??Ap??a@?G??DK?OA?CE??G?D?G,ILP,4,16,20,120231132231321132102213132130030,100001100001001100100010100100100,010100001100010001100100001001001,001010010010100010000000110011010
U?GY@COOGCC?@??Ap??a@?G??DK?OA?CE??G?D?G,ILP,4,16,20,120312213321132213302232113320010,100010010001100010010001010000011,010001100010001100001101000010100,001100001100010001011010001100000
U?GY@COOGCC?@??Ap??a@?G??DK?OA?CE??G?D?G,ILP,12,16,20,120132213321132233102212131120030,100100010001100000100010101100100,001010100010001100000100100011010,010001001100010011100000010001001
U?GY@COOGCC?@??Ap??a@?G??DK?OA?CE??G?D?G,ILP,4,16,20,120312123321231123302132123320010,100010100001001100010101000000011,010001010010100010001001010010100,001100001100010001011010001100000
U?GY@COOGCC?@??Ap??a@?G??DK?OA?CE??G?D?G,ILP,12,16,20,120231123321231133102212132120030,001001001001011100011010000100000,010100010010100000001101001010100,100010100100000011010001010000011
U?GY@COOGCC?@??Ap??a@?G??DK?OA?CE??G?D?G,ILP,12,16,20,120132123123233321102312121120030,100100100100000001100010101100100,001010010010100010000000110011010,010001001001011100100100000001001
U?GY@COOGCC?@??Ap??a@?G??DK?OA?CE??G?D?G,ILP,4,16,20,120213123123233311302232112320010,100010100100000011010001010000011,010100010010100000001101001010100,001001001001011100011010000100000
U?GY@COOGCC?@??Ap??a@?G??DK?OA?CE??G?D?G,ILP,4,18,19,102310213231133213213201210322301,100010010001100010010001010000011,001001100100000100100010110011000,010001001010011011001000000100100
U?GY@COOGCC?@??Ap??a@?G??DK?OA?CE??G?D?G,ILP,4,18,19,102230123132322311122202130133103,100100100100000001100010101100100,001100010001011000011101000000010,010010001010100100000100001011001
U?GY@COOGCC?@??Ap??a@?G??DK?OA?CE??G?D?G,ILP,12,18,19,102210123132322311213201210332301,010010100100000100010101001010001,001100010001011000100100100001010,100100001010100001001010001100100
U?GY@COOGCC?@??Ap??a@?G??DK?OA?CE??G?D?G,ILP,12,18,19,102210312321122312312201310332301,100010010001100010010001010000011,010001001010011011001000000100100,001001100100000100100010110011000
U?GY@COOGCC?@??Ap??a@?G??DK?OA?CE??G?D?G,ILP,4,18,19,102230312321122312132203130132103,100100010001100000100010101100100,001100001010011001001100000001010,010010100100000100010101001010001
U?GY@COOGCC?@??Ap??a@?G??DK?OA?CE??G?D?G,ILP,12,18,19,102210321312122311322202310331301,010010001010100100000100001011001,001100010001011000011101000000010,100100100100000001100010101100100
U?GY@COOGCC?@??Ap??a@?G??DK?OA?CE??G?D?G,ILP,4,18,19,102310231213133211322202310321301,100010001010100011000000010001011,001001100100000100011011010010000,010001010001011010100000100100100
U?GY@COOGCC?@??Ap??a@?G??DK?OA?CE??G?D?G,ILP,4,18,19,102310132123233211312201310322301,100010100100000011010001010000011,001001001010100100001010010011000,010001010001011010100000100100100
U?GY@COOGCC?@??Ap??a@?G??DK?OA?CE??G?D?G,ILP,4,18,19,102230321312122311231203230132103,100100001010100001001010001100100,001100010001011000100100100001010,010010100100000100010101001010001
U?GY@COOGCC?@??Ap??a@?G??DK?OA?CE??G?D?G,ILP,12,20,21,120312132231321122210131023332010,001010100010001100000100100011010,010001001100010011100000010001001,100100010001100000100010101100100
U?GY@COOGCC?@??Ap??a@?G??DK?OA?CE??G?D?G,ILP,4,20,21,120132312231123322210313021132030,100100010001100000100010101100100,010001001100010011100000010001001,001010100010001100000100100011010
U?GY@COOGCC?@??Ap??a@?G??DK?OA?CE??G?D?G,ILP,12,20,21,120213312231123312210231012332010,100010010001100010010001010000011,001100001100010001011010001100000,010001100010001100001101000010100
U?GY@COOGCC?@??Ap??a@?G??DK?OA?CE??G?D?G,ILP,4,20,21,120213123123233311310231012322010,100010100100000011010001010000011,010100010010100000001101001010100,001001001001011100011010000100000
U?GY@COOGCC?@??Ap??a@?G??DK?OA?CE??G?D?G,ILP,4,20,21,120132132132322231210213031132030,100100100100000001100010101100100,010001001001011100100100000001001,001010010010100010000000110011010
U?GY@COOGCC?@??Ap??a@?G??DK?OA?CE??G?D?G,ILP,4,20,21,120231132231321132210213032132030,100001100001001100100010100100100,010100001100010001100100001001001,001010010010100010000000110011010
U?GY@COOGCC?@??Ap??a@?G??DK?OA?CE??G?D?G,ILP,4,20,21,120312213321132213310231013322010,100010010001100010010001010000011,010001100010001100001101000010100,001100001100010001011010001100000
U?GY@COOGCC?@??Ap??a@?G??DK?OA?CE??G?D?G,ILP,12,20,21,120312132132322211210231013332010,100010100100000011010001010000011,001001001001011100011010000100000,010100010010100000001101001010100
U?GY@COOGCC?@??Ap??a@?G??DK?OA?CE??G?D?G,ILP,4,20,21,120312123321231123310131023322010,100010100001001100010101000000011,010001010010100010001001010010100,001100001100010001011010001100000
